Workbook

Sheet Combined_Summary
A1: SEBE vs Python model: West and East compared (kWh/m²/year)
A2: Metric | B2: West | C2: East
A3: Number of roofs | B3: =West_Summary!B3 -> 581 | C3: =East_Summary!B3 -> 279
A4: SEBE mean of roof means (kWh/m²/yr) | B4: =West_Summary!B4 -> 1334.3594 | C4: =East_Summary!B4 -> 1253.2924
A5: Python mean of roof means (kWh/m²/yr) | B5: =West_Summary!B5 -> 1459.0238 | C5: =East_Summary!B5 -> 1376.7014
A6: Bias (Python − SEBE, kWh/m²/yr) | B6: =West_Summary!B6 -> 124.66437 | C6: =East_Summary!B6 -> 123.40903
A7: MAE (kWh/m²/yr) | B7: =West_Summary!B7 -> 124.66437 | C7: =East_Summary!B7 -> 123.40903
A8: RMSE (kWh/m²/yr) | B8: =West_Summary!B8 -> 130.92887 | C8: =East_Summary!B8 -> 129.30167
A9: NMBE (bias as % of SEBE mean) | B9: =West_Summary!B9 -> 0.093426384 | C9: =East_Summary!B9 -> 0.098467872
A10: NRMSE (RMSE as % of SEBE mean) | B10: =West_Summary!B10 -> 0.098121146 | C10: =East_Summary!B10 -> 0.1031696
A11: Median % difference | B11: =West_Summary!B11 -> 0.087360728 | C11: =East_Summary!B11 -> 0.087419462
A12: Pearson r | B12: =West_Summary!B12 -> 0.95579175 | C12: =East_Summary!B12 -> 0.98109564
A13: R² | B13: =West_Summary!B13 -> 0.91353786 | C13: =East_Summary!B13 -> 0.96254866
A14: Regression slope (Python vs SEBE) | B14: =West_Summary!B14 -> 0.87174708 | C14: =East_Summary!B14 -> 0.83473589
... A18: Wilcoxon signed-rank p-value | B18: =West_Summary!B18 -> 7.5487341e-97 | C18: =East_Summary!B18 -> 1.6589255e-47
A20: Green = linked from the area summary sheets. Positive bias = Python higher than SEBE.
A22: Raster cell size (m) | B22: 0.5 | C22: Stated by user: 0.5 m cells
A23: Raster cell area (m²) | B23: =B22*B22 -> 0.25 | C23: Used to convert kWh per cell per year to kWh/m²/year

Sheet West_Summary
A1: West area: SEBE vs Python model (per-roof mean, kWh/m²/year)
A2: Metric | B2: Value | C2: Notes
A3: Number of roofs | B3: =COUNT(West_Roofs!$I$2:$I$582) -> 581 | C3: Roofs with both a SEBE and a Python mean
A4: SEBE mean of roof means (kWh/m²/yr) | B4: =AVERAGE(West_Roofs!$G$2:$G$582) -> 1334.3594 | C4: Per-cell kWh/yr ÷ cell area
A5: Python mean of roof means (kWh/m²/yr) | B5: =AVERAGE(West_Roofs!$H$2:$H$582) -> 1459.0238
A6: Bias (Python − SEBE, kWh/m²/yr) | B6: =AVERAGE(West_Roofs!$I$2:$I$582) -> 124.66437 | C6: Positive = Python higher
A7: MAE (kWh/m²/yr) | B7: =SUMPRODUCT(ABS(West_Roofs!$I$2:$I$582))/B3 -> 124.66437 | C7: Mean absolute error
A8: RMSE (kWh/m²/yr) | B8: =SQRT(SUMSQ(West_Roofs!$I$2:$I$582)/B3) -> 130.92887
A9: NMBE (bias as % of SEBE mean) | B9: =B6/B4 -> 0.093426384
A10: NRMSE (RMSE as % of SEBE mean) | B10: =B8/B4 -> 0.098121146
A11: Median % difference | B11: =MEDIAN(West_Roofs!$J$2:$J$582) -> 0.087360728
A12: Pearson r | B12: =CORREL(West_Roofs!$G$2:$G$582,West_Roofs!$H$2:$H$582) -> 0.95579175
A13: R² | B13: =RSQ(West_Roofs!$H$2:$H$582,West_Roofs!$G$2:$G$582) -> 0.91353786
A14: Regression slope (Python vs SEBE) | B14: =SLOPE(West_Roofs!$H$2:$H$582,West_Roofs!$G$2:$G$582) -> 0.87174708 | C14: 1 = no scaling error
A15: Regression intercept (kWh/m²/yr) | B15: =INTERCEPT(West_Roofs!$H$2:$H$582,West_Roofs!$G$2:$G$582) -> 295.79986 | C15: 0 = no constant offset
A16: Roofs where Python > SEBE | B16: =COUNTIF(West_Roofs!$I$2:$I$582,">0") -> 581
A17: Spearman rho | B17: 0.949 | C17: Computed in Python (scipy); rank-based, so unit-independent
A18: Wilcoxon signed-rank p-value | B18: 7.5487341e-97 | C18: Computed in Python (scipy), two-sided, paired
A20: Blue = values from your shapefiles or computed in Python; black = Excel formulas. Roofs joined on fid (581 matched, same polygons in both files).

Sheet West_Roofs
A1: fid | B1: BUILD_ID | C1: Pixel count (SEBE) | D1: Pixel count (Python) | E1: SEBE mean (kWh/cell/yr) | F1: Python mean (kWh/cell/yr) | G1: SEBE mean (kWh/m²/yr) | H1: Python mean (kWh/m²/yr) | I1: Difference (Python − SEBE, kWh/m²/yr) | J1: % difference (vs SEBE)
A2: 39202 | B2: 463734 | C2: 190 | D2: 190 | E2: 293.96029 | F2: 332.27442 | G2: =E2/Combined_Summary!$B$23 -> 1175.8412 | H2: =F2/Combined_Summary!$B$23 -> 1329.0977 | I2: =H2-G2 -> 153.25652 | J2: =IF(G2=0,"",I2/G2) -> 0.13033777
A3: 39212 | B3: 187531 | C3: 371 | D3: 371 | E3: 348.34968 | F3: 376.42209 | G3: =E3/Combined_Summary!$B$23 -> 1393.3987 | H3: =F3/Combined_Summary!$B$23 -> 1505.6884 | I3: =H3-G3 -> 112.28964 | J3: =IF(G3=0,"",I3/G3) -> 0.080586872
A4: 39213 | B4: 187549 | C4: 410 | D4: 410 | E4: 347.67966 | F4: 381.70286 | G4: =E4/Combined_Summary!$B$23 -> 1390.7186 | H4: =F4/Combined_Summary!$B$23 -> 1526.8115 | I4: =H4-G4 -> 136.09281 | J4: =IF(G4=0,"",I4/G4) -> 0.097857905
A5: 39214 | B5: 187550 | C5: 383 | D5: 383 | E5: 340.45772 | F5: 370.49946 | G5: =E5/Combined_Summary!$B$23 -> 1361.8309 | H5: =F5/Combined_Summary!$B$23 -> 1481.9978 | I5: =H5-G5 -> 120.16696 | J5: =IF(G5=0,"",I5/G5) -> 0.088239271
A6: 39215 | B6: 187601 | C6: 537 | D6: 537 | E6: 338.33521 | F6: 367.54865 | G6: =E6/Combined_Summary!$B$23 -> 1353.3408 | H6: =F6/Combined_Summary!$B$23 -> 1470.1946 | I6: =H6-G6 -> 116.85375 | J6: =IF(G6=0,"",I6/G6) -> 0.08634466
A7: 39216 | B7: 187652 | C7: 620 | D7: 620 | E7: 325.15072 | F7: 364.20616 | G7: =E7/Combined_Summary!$B$23 -> 1300.6029 | H7: =F7/Combined_Summary!$B$23 -> 1456.8247 | I7: =H7-G7 -> 156.22177 | J7: =IF(G7=0,"",I7/G7) -> 0.12011489
A8: 39217 | B8: 182452 | C8: 624 | D8: 624 | E8: 332.59453 | F8: 361.9455 | G8: =E8/Combined_Summary!$B$23 -> 1330.3781 | H8: =F8/Combined_Summary!$B$23 -> 1447.782 | I8: =H8-G8 -> 117.40388 | J8: =IF(G8=0,"",I8/G8) -> 0.088248501
A9: 39228 | B9: 187584 | C9: 367 | D9: 367 | E9: 311.68506 | F9: 352.08513 | G9: =E9/Combined_Summary!$B$23 -> 1246.7403 | H9: =F9/Combined_Summary!$B$23 -> 1408.3405 | I9: =H9-G9 -> 161.60027 | J9: =IF(G9=0,"",I9/G9) -> 0.12961823
A10: 39243 | B10: 643816 | C10: 16 | D10: 16 | E10: 414.89711 | F10: 481.26323 | G10: =E10/Combined_Summary!$B$23 -> 1659.5884 | H10: =F10/Combined_Summary!$B$23 -> 1925.0529 | I10: =H10-G10 -> 265.46448 | J10: =IF(G10=0,"",I10/G10) -> 0.15995802
A11: 39244 | B11: 182281 | C11: 622 | D11: 622 | E11: 351.37138 | F11: 377.22366 | G11: =E11/Combined_Summary!$B$23 -> 1405.4855 | H11: =F11/Combined_Summary!$B$23 -> 1508.8946 | I11: =H11-G11 -> 103.4091 | J11: =IF(G11=0,"",I11/G11) -> 0.073575356
A12: 39245 | B12: 643817 | C12: 16 | D12: 16 | E12: 385.70201 | F12: 460.28558 | G12: =E12/Combined_Summary!$B$23 -> 1542.8081 | H12: =F12/Combined_Summary!$B$23 -> 1841.1423 | I12: =H12-G12 -> 298.33426 | J12: =IF(G12=0,"",I12/G12) -> 0.19337095
A13: 39246 | B13: 187571 | C13: 358 | D13: 358 | E13: 295.57122 | F13: 339.42218 | G13: =E13/Combined_Summary!$B$23 -> 1182.2849 | H13: =F13/Combined_Summary!$B$23 -> 1357.6887 | I13: =H13-G13 -> 175.40382 | J13: =IF(G13=0,"",I13/G13) -> 0.14836002
... A582: 60054 | B582: 187834 | C582: 58 | D582: 58 | E582: 322.40638 | F582: 355.42861 | G582: =E582/Combined_Summary!$B$23 -> 1289.6255 | H582: =F582/Combined_Summary!$B$23 -> 1421.7145 | I582: =H582-G582 -> 132.08895 | J582: =IF(G582=0,"",I582/G582) -> 0.10242427

Sheet East_Summary
A1: East area: SEBE vs Python model (per-roof mean, kWh/m²/year)
A2: Metric | B2: Value | C2: Notes
A3: Number of roofs | B3: =COUNT(East_Roofs!$I$2:$I$280) -> 279 | C3: Roofs with both a SEBE and a Python mean
A4: SEBE mean of roof means (kWh/m²/yr) | B4: =AVERAGE(East_Roofs!$G$2:$G$280) -> 1253.2924 | C4: Per-cell kWh/yr ÷ cell area
A5: Python mean of roof means (kWh/m²/yr) | B5: =AVERAGE(East_Roofs!$H$2:$H$280) -> 1376.7014
A6: Bias (Python − SEBE, kWh/m²/yr) | B6: =AVERAGE(East_Roofs!$I$2:$I$280) -> 123.40903 | C6: Positive = Python higher
A7: MAE (kWh/m²/yr) | B7: =SUMPRODUCT(ABS(East_Roofs!$I$2:$I$280))/B3 -> 123.40903 | C7: Mean absolute error
A8: RMSE (kWh/m²/yr) | B8: =SQRT(SUMSQ(East_Roofs!$I$2:$I$280)/B3) -> 129.30167
A9: NMBE (bias as % of SEBE mean) | B9: =B6/B4 -> 0.098467872
A10: NRMSE (RMSE as % of SEBE mean) | B10: =B8/B4 -> 0.1031696
A11: Median % difference | B11: =MEDIAN(East_Roofs!$J$2:$J$280) -> 0.087419462
A12: Pearson r | B12: =CORREL(East_Roofs!$G$2:$G$280,East_Roofs!$H$2:$H$280) -> 0.98109564
A13: R² | B13: =RSQ(East_Roofs!$H$2:$H$280,East_Roofs!$G$2:$G$280) -> 0.96254866
A14: Regression slope (Python vs SEBE) | B14: =SLOPE(East_Roofs!$H$2:$H$280,East_Roofs!$G$2:$G$280) -> 0.83473589 | C14: 1 = no scaling error
A15: Regression intercept (kWh/m²/yr) | B15: =INTERCEPT(East_Roofs!$H$2:$H$280,East_Roofs!$G$2:$G$280) -> 330.53327 | C15: 0 = no constant offset
A16: Roofs where Python > SEBE | B16: =COUNTIF(East_Roofs!$I$2:$I$280,">0") -> 279
A17: Spearman rho | B17: 0.9426 | C17: Computed in Python (scipy); rank-based, so unit-independent
A18: Wilcoxon signed-rank p-value | B18: 1.6589255e-47 | C18: Computed in Python (scipy), two-sided, paired
A20: Blue = values from your shapefiles or computed in Python; black = Excel formulas. Roofs joined on fid (279 matched, same polygons in both files).

Sheet East_Roofs
A1: fid | B1: BUILD_ID | C1: Pixel count (SEBE) | D1: Pixel count (Python) | E1: SEBE mean (kWh/cell/yr) | F1: Python mean (kWh/cell/yr) | G1: SEBE mean (kWh/m²/yr) | H1: Python mean (kWh/m²/yr) | I1: Difference (Python − SEBE, kWh/m²/yr) | J1: % difference (vs SEBE)
A2: 2516 | B2: 451111 | C2: 351 | D2: 351 | E2: 319.28308 | F2: 356.92948 | G2: =E2/Combined_Summary!$B$23 -> 1277.1323 | H2: =F2/Combined_Summary!$B$23 -> 1427.7179 | I2: =H2-G2 -> 150.58559 | J2: =IF(G2=0,"",I2/G2) -> 0.11790916
A3: 2517 | B3: 224024 | C3: 1175 | D3: 1175 | E3: 326.66231 | F3: 351.58877 | G3: =E3/Combined_Summary!$B$23 -> 1306.6492 | H3: =F3/Combined_Summary!$B$23 -> 1406.3551 | I3: =H3-G3 -> 99.705837 | J3: =IF(G3=0,"",I3/G3) -> 0.076306505
A4: 2528 | B4: 223998 | C4: 975 | D4: 975 | E4: 341.34721 | F4: 363.80417 | G4: =E4/Combined_Summary!$B$23 -> 1365.3888 | H4: =F4/Combined_Summary!$B$23 -> 1455.2167 | I4: =H4-G4 -> 89.827857 | J4: =IF(G4=0,"",I4/G4) -> 0.065789213
A5: 2538 | B5: 232132 | C5: 673 | D5: 673 | E5: 339.73306 | F5: 366.26595 | G5: =E5/Combined_Summary!$B$23 -> 1358.9322 | H5: =F5/Combined_Summary!$B$23 -> 1465.0638 | I5: =H5-G5 -> 106.13157 | J5: =IF(G5=0,"",I5/G5) -> 0.078099234
A6: 2539 | B6: 224031 | C6: 936 | D6: 936 | E6: 327.76434 | F6: 354.0279 | G6: =E6/Combined_Summary!$B$23 -> 1311.0574 | H6: =F6/Combined_Summary!$B$23 -> 1416.1116 | I6: =H6-G6 -> 105.05426 | J6: =IF(G6=0,"",I6/G6) -> 0.080129418
A7: 2540 | B7: 224021 | C7: 505 | D7: 505 | E7: 316.77518 | F7: 339.68939 | G7: =E7/Combined_Summary!$B$23 -> 1267.1007 | H7: =F7/Combined_Summary!$B$23 -> 1358.7575 | I7: =H7-G7 -> 91.656826 | J7: =IF(G7=0,"",I7/G7) -> 0.072335865
A8: 2541 | B8: 223887 | C8: 564 | D8: 564 | E8: 344.55572 | F8: 362.74187 | G8: =E8/Combined_Summary!$B$23 -> 1378.2229 | H8: =F8/Combined_Summary!$B$23 -> 1450.9675 | I8: =H8-G8 -> 72.744623 | J8: =IF(G8=0,"",I8/G8) -> 0.052781466
A9: 2559 | B9: 649555 | C9: 16 | D9: 16 | E9: 307.6431 | F9: 333.53583 | G9: =E9/Combined_Summary!$B$23 -> 1230.5724 | H9: =F9/Combined_Summary!$B$23 -> 1334.1433 | I9: =H9-G9 -> 103.57093 | J9: =IF(G9=0,"",I9/G9) -> 0.084164841
A10: 2565 | B10: 646343 | C10: 16 | D10: 16 | E10: 338.38811 | F10: 351.07281 | G10: =E10/Combined_Summary!$B$23 -> 1353.5524 | H10: =F10/Combined_Summary!$B$23 -> 1404.2912 | I10: =H10-G10 -> 50.7388 | J10: =IF(G10=0,"",I10/G10) -> 0.037485655
A11: 2566 | B11: 649646 | C11: 16 | D11: 16 | E11: 288.0249 | F11: 318.46381 | G11: =E11/Combined_Summary!$B$23 -> 1152.0996 | H11: =F11/Combined_Summary!$B$23 -> 1273.8552 | I11: =H11-G11 -> 121.75563 | J11: =IF(G11=0,"",I11/G11) -> 0.10568151
A12: 2567 | B12: 224082 | C12: 529 | D12: 529 | E12: 341.41921 | F12: 373.96012 | G12: =E12/Combined_Summary!$B$23 -> 1365.6768 | H12: =F12/Combined_Summary!$B$23 -> 1495.8405 | I12: =H12-G12 -> 130.16365 | J12: =IF(G12=0,"",I12/G12) -> 0.095310724
A13: 2568 | B13: 224044 | C13: 1024 | D13: 1024 | E13: 324.70303 | F13: 356.09608 | G13: =E13/Combined_Summary!$B$23 -> 1298.8121 | H13: =F13/Combined_Summary!$B$23 -> 1424.3843 | I13: =H13-G13 -> 125.57222 | J13: =IF(G13=0,"",I13/G13) -> 0.096682359
... A280: 35366 | B280: 232142 | C280: 546 | D280: 546 | E280: 318.18997 | F280: 352.0741 | G280: =E280/Combined_Summary!$B$23 -> 1272.7599 | H280: =F280/Combined_Summary!$B$23 -> 1408.2964 | I280: =H280-G280 -> 135.53653 | J280: =IF(G280=0,"",I280/G280) -> 0.10649026
